{
  "HomePageHttpLoadRequest" : {
    "transaction" : "HomePageHttpLoadRequest",
    "sampleCount" : 1000,
    "errorCount" : 0,
    "errorPct" : 0.0,
    "meanResTime" : 5314.440999999999,
    "medianResTime" : 4314.0,
    "minResTime" : 784.0,
    "maxResTime" : 14557.0,
    "pct1ResTime" : 10638.5,
    "pct2ResTime" : 11093.8,
    "pct3ResTime" : 12109.83,
    "throughput" : 44.04510218463707,
    "receivedKBytesPerSec" : 641.2332009227449,
    "sentKBytesPerSec" : 5.247561002466526
  },
  "Total" : {
    "transaction" : "Total",
    "sampleCount" : 1000,
    "errorCount" : 0,
    "errorPct" : 0.0,
    "meanResTime" : 5314.440999999999,
    "medianResTime" : 4314.0,
    "minResTime" : 784.0,
    "maxResTime" : 14557.0,
    "pct1ResTime" : 10638.5,
    "pct2ResTime" : 11093.8,
    "pct3ResTime" : 12109.83,
    "throughput" : 44.04510218463707,
    "receivedKBytesPerSec" : 641.2332009227449,
    "sentKBytesPerSec" : 5.247561002466526
  }
}